1;valhalla calling me;https://www.youtube.com/watch?v=kKAY7YaBVWM&list=RDkKAY7YaBVWM&start_radio=1&pp=ygUTdmFsaGFsbGEgY2FsbGluZyBtZaAHAdIHCQnNCQGHKiGM7w%3D%3D
2;shape of you;https://www.youtube.com/watch?v=JGwWNGJdvx8&list=RDMM&index=43&pp=8AUB0gcJCbIJAYcqIYzv
3;ispiderman;https://youtu.be/3-RW3nUHs8g?list=RD3-RW3nUHs8g
4;wellermen;https://youtu.be/qP-7GNoDJ5c?list=RDMM
5;industrybaby;https://www.youtube.com/watch?v=UTHLKHL_whs&list=RDMM&index=2&pp=8AUB
6;bones;https://www.youtube.com/watch?v=TO-_3tck2tg&list=RDMM&index=3&pp=8AUB
7;old town road;https://www.youtube.com/watch?v=r7qovpFAGrQ&list=RDMM&index=7&pp=8AUB
8;onemorenight;https://www.youtube.com/watch?v=7CPYoGtI75Q&list=RDMM&index=8&pp=8AUB
9;believer;https://www.youtube.com/watch?v=7wtfhZwyrcc&list=RDMM&index=9&pp=8AUB
10;matushka;https://www.youtube.com/watch?v=8mtxEbvzkHs&list=RDMM&index=11&pp=8AUB
11;despacito;https://www.youtube.com/watch?v=kJQP7kiw5Fk&list=RDMM&index=12&pp=8AUB
12;skyfall;https://www.youtube.com/watch?v=sZrTJesvJeo&list=RDMM&index=15&pp=8AUB0gcJCbIJAYcqIYzv
13;monody;https://www.youtube.com/watch?v=I55ZrBlVSKI&list=RDMM&index=14&pp=8AUB
14;faded;https://www.youtube.com/watch?v=60ItHLz5WEA&list=RDMM&index=17&pp=8AUB0gcJCbIJAYcqIYzv
15;everydaynormalguy2;https://www.youtube.com/watch?v=GmG4X9PGOXs&list=RDMM&index=18&pp=8AUB
16;rasputin;https://www.youtube.com/watch?v=16y1AkoZkmQ&list=RDMM&index=19&pp=8AUB
17;gimme!gimme!;https://www.youtube.com/watch?v=XEjLoHdbVeE&list=RDMM&index=20&pp=8AUB
18;babydoll;https://www.youtube.com/watch?v=yP9KiFTyBks&list=RDMM&index=21&pp=8AUB
19;bomdiggidiggi;https://www.youtube.com/watch?v=yIIGQB6EMAM&list=RDMM&index=24&pp=8AUB
20;gangnam style;https://www.youtube.com/watch?v=9bZkp7q19f0&list=RDMM&index=25&pp=8AUB
21;fear;https://www.youtube.com/watch?v=CKpbdCciELk&list=RDMM&index=26&pp=8AUB0gcJCbIJAYcqIYzv
22;dorikithe chasthavu;https://www.youtube.com/watch?v=egPlfALmzvE&list=RDMM&index=27&pp=8AUB
23;moskau;https://www.youtube.com/watch?v=lyuFLU2Zqz0&list=RDMM&index=28&pp=8AUB
24;wakawaka;https://www.youtube.com/watch?v=pRpeEdMmmQ0&list=RDMM&index=29&pp=8AUB
25;calmdown;https://www.youtube.com/watch?v=WcIcVapfqXw&list=RDMM&index=30&pp=8AUB
26;lifegoeson;https://www.youtube.com/watch?v=8F2s8ivKXNY&list=RDMM&index=31&pp=8AUB
27;poovai...poovai;https://www.youtube.com/watch?v=NsURtZA4hno&list=RDMM&index=32&pp=8AUB
28;hava hava;https://www.youtube.com/watch?v=NZozbrykYKI&list=RDMM&index=33&pp=8AUB
29;bellachao;https://www.youtube.com/watch?v=0aUav1lx3rA&list=RDMM&index=34&pp=8AUB
30;sandhanam;https://www.youtube.com/watch?v=xLtfisGoMeg&pp=ygUPc2FuZGhhbmFtIHRoZW1l
31;cradles;https://www.youtube.com/watch?v=KBtk5FUeJbk&list=RDMM&index=36&pp=8AUB
32;animals;https://www.youtube.com/watch?v=0GVExpdmoDs&list=RDMM&index=37&pp=8AUB
33;flyaway;https://www.youtube.com/watch?v=ubgFZnja_HE&list=RDMM&index=32&pp=8AUB
34;smallviolin;https://www.youtube.com/watch?v=PEnJbjBuxnw&list=RDMM&index=27&pp=8AUB
35;diwali deepanni;https://www.youtube.com/watch?v=CyhpohKZ9-s&list=RDMM&index=26&pp=8AUB
36;goldensparrow;https://www.youtube.com/watch?v=1seR_ckLXz4&list=RDMM&index=27&pp=8AUB
37;ud-daa punjab;https://www.youtube.com/watch?v=Ezsb5afVXQQ&list=RDMM&index=28&pp=8AUB
38;APT;https://www.youtube.com/watch?v=ekr2nIex040&list=RDMM&index=29&pp=8AUB
39;espresso;https://www.youtube.com/watch?v=eVli-tstM5E&list=RDMM&index=30&pp=8AUB
40;tunak tunak tun;https://www.youtube.com/watch?v=92ydUdqWE1g&list=RDMM&index=31&pp=8AUB
41;hanging tree;https://www.youtube.com/watch?v=F3hTW9e20d8&list=RDMM&index=30&pp=8AUB
42;levitating;https://www.youtube.com/watch?v=TUVcZfQe-Kw&list=RDMM&index=31&pp=8AUB
43;gtasanandreas;https://www.youtube.com/watch?v=6VewzN781wQ&list=RDMM&index=32&pp=8AUB
44;chericherilady;https://www.youtube.com/watch?v=lrIKt5uDWZo&list=RDMM&index=33&pp=8AUB
45;counting stars;https://www.youtube.com/watch?v=hT_nvWreIhg&list=RDMM&index=35&pp=8AUB
46;chammakchalo;https://www.youtube.com/watch?v=oAVhUAaVCVQ&list=RDMM&index=36&pp=8AUB
47;aarambh;https://www.youtube.com/watch?v=gg1tN-gkcwk&list=RDMM&index=37&pp=8AUB
48;badboy;https://www.youtube.com/watch?v=WCTjFHyvEaM&list=RDMM&index=38&pp=8AUB
49;runaway;https://www.youtube.com/watch?v=d_HlPboLRL8&list=RDMM&index=39&pp=8AUB
50;desperado;https://www.youtube.com/watch?v=_BWhdHDN8HY&list=RDMM&index=40&pp=8AUB
51;collegepapalabassu;https://www.youtube.com/watch?v=8BNLsznoeBA&list=RDMM&index=40&pp=8AUB
52;jalebibaby;https://www.youtube.com/watch?v=IFtwhMK64H8&list=RDMM&index=41&pp=8AUB
53;aasakuuda;https://www.youtube.com/watch?v=a3Ue-LN5B9U&list=RDMM&index=42&pp=8AUB
54;uyiamma;https://www.youtube.com/watch?v=FZLadzn5i6Q&list=RDMM&index=44&pp=8AUB
55;gasolinaa;https://www.youtube.com/watch?v=yk1VxQqIL2I&list=RDMM&index=45&pp=8AUB0gcJCbIJAYcqIYzv
56;lovenwantiti;https://www.youtube.com/watch?v=VYtSJFV46Tk&list=RDMM&index=46&pp=8AUB
57;savagelove;https://www.youtube.com/watch?v=sQR2-Q-k_9Y&list=RDMM&index=47&pp=8AUB
58;die with a smile;https://www.youtube.com/watch?v=kPa7bsKwL-c&list=RDMM&index=47&pp=8AUB
59;sixdays;https://www.youtube.com/watch?v=Fj6cr3FO2JI&list=RDMM&index=48&pp=8AUB
60;aayudha puja;https://www.youtube.com/watch?v=HZ_Q20ir-gg&list=RDMM&index=49&pp=8AUB
61;afghan jalebi;https://www.youtube.com/watch?v=zC3UbTf4qrM&list=RDMM&index=50&pp=8AUB
62;shiela ki jawani;https://www.youtube.com/watch?v=ZTmF2v59CtI
63;armour plastique;https://www.youtube.com/watch?v=Z_7mF5uWqIs
64;tauba tauba;https://www.youtube.com/watch?v=LK7-_dgAVQE&list=RDMM&index=50&pp=8AUB
65;1.2.3.4...;https://www.youtube.com/watch?v=W9mrvDWUR9g
66;astronomia;https://www.youtube.com/watch?v=j9V78UbdzWI&list=RDMM&index=35&pp=8AUB
67;param sundari;https://www.youtube.com/watch?v=w4ClQO0FFQg&list=RDMM&index=36&pp=8AUB
68;manohari;https://www.youtube.com/watch?v=dXO5p6QRG7A&list=RDMM&index=37&pp=8AUB
69;magenta riddim;https://www.youtube.com/watch?v=op4B9sNGi0k&list=RDMM&index=38&pp=8AUB
70;stay;https://www.youtube.com/watch?v=kTJczUoc26U&list=RDMM&index=40&pp=8AUB
71;lungi dance;https://www.youtube.com/watch?v=69CEiHfS_mc&list=RDMM&index=41&pp=8AUB
72;7 years;https://www.youtube.com/watch?v=LHCob76kigA&list=RDMM&index=43&pp=8AUB
73;illuminati;https://www.youtube.com/watch?v=yH7eDWTH5iM&list=RDMM&index=41&pp=8AUB
74;chinggis khanii magtal;https://www.youtube.com/watch?v=p_5yt5IX38I&list=RDMM&index=43&pp=8AUB
75;dilbar;https://www.youtube.com/watch?v=JFcgOboQZ08&list=RDMM&index=45&pp=8AUB
76;still dr.dre;https://www.youtube.com/watch?v=_CL6n0FJZpk&list=RDMM&index=47&pp=8AUB
77;kaavalayya;https://www.youtube.com/watch?v=lM8h5Mm6ODo&list=RDMM&index=49&pp=8AUB
78;ghoomar;https://www.youtube.com/watch?v=CU1tFtk_NFY&list=RDMM&index=36&pp=8AUB
79;ordinary person;https://www.youtube.com/watch?v=q6e_b0NERCA&list=RDMM&index=37&pp=8AUB
80;door no.1;https://www.youtube.com/watch?v=HBHf1WO_oJU&list=RDMM&index=37&pp=8AUB
81;excuses;https://www.youtube.com/watch?v=x18b0D8sTwo&list=RDMM&index=39&pp=8AUB
82;vikram title track;https://www.youtube.com/watch?v=OsLCY3vz3t8&list=RDMM&index=40&pp=8AUB
83;pasoori;https://www.youtube.com/watch?v=5Eqb_-j3FDA&list=RDMM&index=42&pp=8AUB
84;tum tum;https://www.youtube.com/watch?v=tYSrY4iPX6w&list=RDMM&index=44&pp=8AUB
85;no lie;https://www.youtube.com/watch?v=GzU8KqOY8YA&list=RDMM&index=46&pp=8AUB
86;sapphire;https://www.youtube.com/watch?v=JgDNFQ2RaLQ&list=RDMM&index=47&pp=8AUB
87;dance monkey;https://www.youtube.com/watch?v=q0hyYWKXF0Q&list=RDMM&index=48&pp=8AUB0gcJCbIJAYcqIYzv
88;neone_darkside;https://www.youtube.com/watch?v=s7-GTShjcqY&list=RDMM&index=49&pp=8AUB
89;senorita;https://www.youtube.com/watch?v=Pkh8UtuejGw&list=RDMM&index=37&pp=8AUB
90;let me down;https://www.youtube.com/watch?v=50VNCymT-Cs&list=RDMM&index=38&pp=8AUB0gcJCbIJAYcqIYzv
91;ringa ringa;https://www.youtube.com/watch?v=2OhhFkF3MqQ&list=RDMM&index=39&pp=8AUB
92;aaj ki raat;https://www.youtube.com/watch?v=hxMNYkLN7tI&list=RDMM&index=40&pp=8AUB
93;unity;https://www.youtube.com/watch?v=n8X9_MgEdCg&list=RDMM&index=41&pp=8AUB
94;closer;https://www.youtube.com/watch?v=PT2_F-1esPk&list=RDMM&index=42&pp=8AUB
95;arjan vaily;https://www.youtube.com/watch?v=zqGW6x_5N0k&list=RDMM&index=43&pp=8AUB
96;blinding lights;https://www.youtube.com/watch?v=4NRXx6U8ABQ&list=RDMM&index=50&pp=8AUB
97;fearless pt2;https://www.youtube.com/watch?v=OakZzYpe2wo
98;harima harima;https://www.youtube.com/watch?v=dnQ83S2XfZQ
99;deo deo;https://www.youtube.com/watch?v=SIl8Ptz-9wY
100;sail north;https://www.youtube.com/watch?v=dHu9dXRR8sU
101;friends;https://www.youtube.com/watch?v=jzD_yyEcp0M&list=RDMM&index=39&pp=8AUB
102;chi chi chiranunechi;https://www.youtube.com/watch?v=I2bvoO0CoDQ&list=RDMM&index=42&pp=8AUB
103;cheap thrills;https://www.youtube.com/watch?v=31crA53Dgu0&list=RDMM&index=45&pp=8AUB
104;on my way;https://www.youtube.com/watch?v=dhYOPzcsbGM&list=RDMM&index=46&pp=8AUB
105;rambabu;https://www.youtube.com/watch?v=a4eN6KjzLys
106;london babu;https://www.youtube.com/watch?v=hcGRjiKXlpw
107;diyyalo;https://www.youtube.com/watch?v=RAotnwMAXAA
108;neelapuri gaajula;https://www.youtube.com/watch?v=lBCLW7vzrek
109;chikni chameli;https://www.youtube.com/watch?v=QcQpqWhTBCE
110;rabbaru gaajulu;https://www.youtube.com/watch?v=AfClewRYMiM&pp=0gcJCbIJAYcqIYzv
111;blockbuster;https://www.youtube.com/watch?v=FmjJ-e5uGuY
112;raa raa;https://www.youtube.com/watch?v=ixlXwdmZ3Kg
113;manasilayoo;https://www.youtube.com/watch?v=5WsUIeNAtbM
114;peelings;https://www.youtube.com/watch?v=8RAd-_Qj_ac
115;oo antava;https://www.youtube.com/watch?v=u_wB6byrl5k&list=RDMM&index=37&pp=8AUB
116;girls like you;https://www.youtube.com/watch?v=aJOTlE1K90k&list=RDMM&index=38&pp=8AUB
117;baby;https://www.youtube.com/watch?v=kffacxfA7G4&list=RDMM&index=39&pp=8AUB
118;dj tillu;https://www.youtube.com/watch?v=M-954V9LORI&list=RDMM&index=40&pp=8AUB
119;daavudi;https://www.youtube.com/watch?v=22IEnKGVuUY&list=RDMM&index=44&pp=8AUB
120;gangsta paradise;https://www.youtube.com/watch?v=fPO76Jlnz6c&list=RDMM&index=37&pp=8AUB
121;on the floor;https://www.youtube.com/watch?v=t4H_Zoh7G5A&list=RDMM&index=44&pp=8AUB
122;jamal kudu;https://www.youtube.com/watch?v=oRGhqUjWF6U&list=RDMM&index=45&pp=8AUB
123;on and on;https://www.youtube.com/watch?v=XsZZQPKLChY&list=RDMM&index=46&pp=8AUB
124;fire storm;https://www.youtube.com/watch?v=FbXOsVByKmk
125;jigelu raani;
126;vaana vaana;https://www.youtube.com/watch?v=fa3A5T4-QP0
127;kaala chashma;https://www.youtube.com/watch?v=k4yXQkG2s1E&list=RDMM&index=33&pp=8AUB
128;enemy;https://www.youtube.com/watch?v=D9G1VOjN_84&list=RDMM&index=42&pp=8AUB
129;dimaak kharab;https://www.youtube.com/watch?v=V5c4BnmPTpU&list=RDMM&index=43&pp=8AUB
130;bye bye bye;https://www.youtube.com/watch?v=VHAK-gU9gi0
131;belisarius;https://youtu.be/B_JY76xXrVM?list=RDB_JY76xXrVM
